,No. Obs,Unique coins,Min No. Obs,Mean,Std,P10,P25,P50,P75,P90
Sample,1478936,973,121,-0.02702133099282533,0.1248546996938071,-0.10177035518153693,-0.06647316162492047,-0.03702038316744094,0.00019536156282403712,0.04690952763111022
